course_code,full_title,type,info,url
APARAPRB,Architect Apprenticeship (Level 7) (RIBA Part 2 and Part 3),Postgraduate,,/course-catalogue/course-specifications/2023-24/APARAPRB/Architect-Apprenticeship-(Level-7)-(RIBA-Part-2-and-Part-3)/
APMAAEPP,"Architecture Apprenticeship (RIBA 2 and 3) - MArch (RIBA 2), P...",Postgraduate,,
APPAFEWL,PGCE Primary Apprenticeship 5-11 (West London Teacher Training...,Postgraduate,,
APPAFSWL,PGCE Primary Apprenticeship 5-11 SEND (West London Teacher Tra...,Postgraduate,,
APPAHTSA,PGCE Primary Apprenticeship (Hackney Teaching Schools Alliance),Postgraduate,,
APPATSWL,PGCE Primary Apprenticeship 3-7 (West London Teacher Training ...,Postgraduate,,
APPGTAPI,Postgraduate Teacher Apprenticeship (PGTA) in Primary (5 – 11)...,Postgraduate,,
APPGTAPM,Postgraduate Teacher Apprenticeship (PGTA) in Primary (7 – 11)...,Postgraduate,,
APPGTAPR,Postgraduate Teacher Apprenticeship (PGTA) in Primary (3 – 7) ...,Postgraduate,,
APPRAPNW,PGCE Primary Apprenticeship (New Wave),Postgraduate,,
APPRIAPP,PGCE Primary Apprenticeship (ages 5-11) (Angel Islington Teach...,Postgraduate,,
PAABACLC,Advanced Diploma in Professional Development in Anti-Bribery a...,Postgraduate,,
PACORSOC,Advanced Diploma in Professional Development in Corporate Soci...,Postgraduate,,/course-catalogue/course-specifications/2023-24/PACORSOC/Advanced-Diploma-in-Professional-Development-in-Corporate-Social-Responsibility-and-Sustainability/
PAEMLAPR,Advanced Diploma in Professional Development in Employment Law...,Postgraduate,,/course-catalogue/course-specifications/2023-24/PAEMLAPR/Advanced-Diploma-in-Professional-Development-in-Employment-Law-and-Practice/
PBMBUADM,Master of Business Administration,Postgraduate,,/course-catalogue/course-specifications/2023-24/PBMBUADM/Master-of-Business-Administration/
PCAMNHPR,PG Certificate Approved Mental Health Practice,Postgraduate,,/course-catalogue/course-specifications/2023-24/PCAMNHPR/PG-Certificate-Approved-Mental-Health-Practice/
PCDSGCCS,PG Cert Design for Cultural Commons,Postgraduate,,/course-catalogue/course-specifications/2023-24/PCDSGCCS/PG-Cert-Design-for-Cultural-Commons/
PCFMMNCT,PG Certification Fashion Marketing and Management,Postgraduate,,/course-catalogue/course-specifications/2023-24/PCFMMNCT/PG-Certification-Fashion-Marketing-and-Management/
PCFRCCDL,"PG Certification Financial Services Law, Regulation & Compliance",Postgraduate,,/course-catalogue/course-specifications/2023-24/PCFRCCDL/PG-Certification-Financial-Services-Law-Regulation-&-Compliance/
PCHRLCDL,PG Certificate Human Rights Law,Postgraduate,,/course-catalogue/course-specifications/2023-24/PCHRLCDL/PG-Certificate-Human-Rights-Law/
PCLMMLDL,PG Certification Media Law,Postgraduate,,/course-catalogue/course-specifications/2023-24/PCLMMLDL/PG-Certification-Media-Law/
PCMTLCDL,PG Certification Maritime Law,Postgraduate,,/course-catalogue/course-specifications/2023-24/PCMTLCDL/PG-Certification-Maritime-Law/
PCPLGPCT,Postgraduate Certificate in Professional Legal Practice,Postgraduate,,
PCPPARCH,PG Certificate Professional Practice in Architecture (RIBA 3),Postgraduate,,/course-catalogue/course-specifications/2023-24/PCPPARCH/PG-Certificate-Professional-Practice-in-Architecture-(RIBA-3)/
PCSPCTRA,PG Certificate Specialised Translation,Postgraduate,,/course-catalogue/course-specifications/2023-24/PCSPCTRA/PG-Certificate-Specialised-Translation/
PCTRSTEC,PG Certificate Translation Technology,Postgraduate,,/course-catalogue/course-specifications/2023-24/PCTRSTEC/PG-Certificate-Translation-Technology/
PDCFINTP,PG Diploma Conference Interpreting,Postgraduate,,/course-catalogue/course-specifications/2023-24/PDCFINTP/PG-Diploma-Conference-Interpreting/
PDDESCCS,PG Dip Design for Cultural Commons,Postgraduate,,/course-catalogue/course-specifications/2023-24/PDDESCCS/PG-Dip-Design-for-Cultural-Commons/
PDFMMNDP,PG Diploma Fashion Marketing and Management,Postgraduate,,/course-catalogue/course-specifications/2023-24/PDFMMNDP/PG-Diploma-Fashion-Marketing-and-Management/
PDFRCDDL,"PG Diploma Financial Services Law, Regulation & Compliance",Postgraduate,,/course-catalogue/course-specifications/2023-24/PDFRCDDL/PG-Diploma-Financial-Services-Law-Regulation-&-Compliance/
PDGLHURM,Postgraduate Diploma Global Human Resource Management,Postgraduate,,/course-catalogue/course-specifications/2023-24/PDGLHURM/Postgraduate-Diploma-Global-Human-Resource-Management/
PDHRLDDL,PG Diploma Human Rights Law,Postgraduate,,/course-catalogue/course-specifications/2023-24/PDHRLDDL/PG-Diploma-Human-Rights-Law/
PDINTERP,PG Diploma Interpreting,Postgraduate,,/course-catalogue/course-specifications/2023-24/PDINTERP/PG-Diploma-Interpreting/
PDLEGPRA,PGD Legal Practice Course,Postgraduate,,/course-catalogue/course-specifications/2023-24/PDLEGPRA/PGD-Legal-Practice-Course/
PDLEGPS1,PGD Legal Practice Course Stage 1,Postgraduate,,
PDLEGPS2,PGD Legal Practice Course Stage 2,Postgraduate,,
PDLLMLDL,PG Diploma Media Law,Postgraduate,,/course-catalogue/course-specifications/2023-24/PDLLMLDL/PG-Diploma-Media-Law/
PDMTLDDL,PG Diploma Maritime Law,Postgraduate,,
PDPSCLGY,PG Diploma Psychology,Postgraduate,,
PDSUTSWK,PG Diploma Step Up to Social Work,Postgraduate,,/course-catalogue/course-specifications/2023-24/PDSUTSWK/PG-Diploma-Step-Up-to-Social-Work/
PDTRASLA,PG Diploma Translation,Postgraduate,,/course-catalogue/course-specifications/2023-24/PDTRASLA/PG-Diploma-Translation/
PECSWICT,PGCE Secondary Computer Science with ICT,Postgraduate,,
PEDNENGL,PGCE Secondary English with Media,Postgraduate,,
PEDNPRIV,PGCE Primary (Viridis),Postgraduate,,
PEENGDRA,PGCE Secondary English with Drama,Postgraduate,,
PEPGSTG2,PGCE Primary (7-11) (Key Stage 2),Postgraduate,,
PEPRMARY,PGCE Primary (5-11),Postgraduate,,
PEPRMYTS,PGCE Primary (3-7),Postgraduate,,
PESECMDL,PGCE Secondary Modern Languages,Postgraduate,,
PESECMTH,PGCE Secondary Mathematics,Postgraduate,,
PESSCBIO,PGCE Secondary Science with Biology,Postgraduate,,
PESSCCHE,PGCE Secondary Science with Chemistry,Postgraduate,,
PESSCPHY,PGCE Secondary Science with Physics,Postgraduate,,
PFMAFIAR,Master of Fine Arts,Postgraduate,,/course-catalogue/course-specifications/2023-24/PFMAFIAR/Master-of-Fine-Arts/
PGCPELAW,Common Professional Exam,Postgraduate,,/course-catalogue/course-specifications/2023-24/PGCPELAW/Common-Professional-Exam/
PIMARRIB,MArch Architecture RIBA 2,Postgraduate,,/course-catalogue/course-specifications/2023-24/PIMARRIB/MArch-Architecture-RIBA-2/
PMAACOMN,MSc Airline and Airport Corporate Management,Postgraduate,,/course-catalogue/course-specifications/2023-24/PMAACOMN/MSc-Airline-and-Airport-Corporate-Management/
PMABLNTE,MA Arabic Language Teaching,Postgraduate,,/course-catalogue/course-specifications/2023-24/PMABLNTE/MA-Arabic-Language-Teaching/
PMADDMHE,MSc Addiction and Mental Health,Postgraduate,,/course-catalogue/course-specifications/2023-24/PMADDMHE/MSc-Addiction-and-Mental-Health/
PMARTINT,MSc Artificial Intelligence,Postgraduate,,/course-catalogue/course-specifications/2023-24/PMARTINT/MSc-Artificial-Intelligence/
PMBIOMDS,MSc Biomedical Science,Postgraduate,,/course-catalogue/course-specifications/2023-24/PMBIOMDS/MSc-Biomedical-Science/
PMBLOSCI,MSc Blood Science,Postgraduate,,/course-catalogue/course-specifications/2023-24/PMBLOSCI/MSc-Blood-Science/
PMBLSCDL,MSc Blood Science (Distance Learning),Postgraduate,,/course-catalogue/course-specifications/2023-24/PMBLSCDL/MSc-Blood-Science-(Distance-Learning)/
PMBMSTDL,MSc Biomedical Studies (Distance Learning),Postgraduate,,/course-catalogue/course-specifications/2023-24/PMBMSTDL/MSc-Biomedical-Studies-(Distance-Learning)/
PMCANPHA,MSc Cancer Pharmacology,Postgraduate,,/course-catalogue/course-specifications/2023-24/PMCANPHA/MSc-Cancer-Pharmacology/
PMCAPHIM,MSc Cancer Immunotherapy,Postgraduate,,/course-catalogue/course-specifications/2023-24/PMCAPHIM/MSc-Cancer-Immunotherapy/
PMCHADMH,MSc Child and Adolescent Mental Health,Postgraduate,,/course-catalogue/course-specifications/2023-24/PMCHADMH/MSc-Child-and-Adolescent-Mental-Health/
PMCLSHDP,MA Climate Security: Humanitarian - Development - Peacebuilding,Postgraduate,,
PMCNCSWE,MSc Computer Networking and Cyber Security with Work Experience,Postgraduate,,/course-catalogue/course-specifications/2023-24/PMCNCSWE/MSc-Computer-Networking-and-Cyber-Security-with-Work-Experience/
PMCNSPCT,MSc Counselling and Psychotherapy,Postgraduate,,/course-catalogue/course-specifications/2023-24/PMCNSPCT/MSc-Counselling-and-Psychotherapy/
PMCONECS,MSc Computer Networking and Cyber Security,Postgraduate,,/course-catalogue/course-specifications/2023-24/PMCONECS/MSc-Computer-Networking-and-Cyber-Security/
PMCONINT,MA Conference Interpreting,Postgraduate,,/course-catalogue/course-specifications/2023-24/PMCONINT/MA-Conference-Interpreting/
PMCONPRM,MSc Construction Project Management,Postgraduate,,/course-catalogue/course-specifications/2023-24/PMCONPRM/MSc-Construction-Project-Management/
PMCOSORE,MSc Corporate Social Responsibility and Sustainability,Postgraduate,,/course-catalogue/course-specifications/2023-24/PMCOSORE/MSc-Corporate-Social-Responsibility-and-Sustainability/
PMCRDIPW,"MA Creative, Digital and Professional Writing",Postgraduate,,/course-catalogue/course-specifications/2023-24/PMCRDIPW/MA-Creative-Digital-and-Professional-Writing/
PMCRMLGY,MSc Criminology,Postgraduate,,/course-catalogue/course-specifications/2023-24/PMCRMLGY/MSc-Criminology/
PMCRMMTL,MSc Criminology and Psychopathology,Postgraduate,,/course-catalogue/course-specifications/2023-24/PMCRMMTL/MSc-Criminology-and-Psychopathology/
PMCRYPTO,MSc Cryptography,Postgraduate,,/course-catalogue/course-specifications/2023-24/PMCRYPTO/MSc-Cryptography/
PMDATANA,MSc Data Analytics,Postgraduate,,/course-catalogue/course-specifications/2023-24/PMDATANA/MSc-Data-Analytics/
PMDIETNU,MSc Dietetics and Nutrition,Postgraduate,,/course-catalogue/course-specifications/2023-24/PMDIETNU/MSc-Dietetics-and-Nutrition/
PMDIGMED,MA Digital Media,Postgraduate,,/course-catalogue/course-specifications/2023-24/PMDIGMED/MA-Digital-Media/
PMDOCFLM,MA Documentary Film Production,Postgraduate,,/course-catalogue/course-specifications/2023-24/PMDOCFLM/MA-Documentary-Film-Production/
PMEDUCAT,MA Education,Postgraduate,,/course-catalogue/course-specifications/2023-24/PMEDUCAT/MA-Education/
PMEDUECS,MA Education (Early Childhood Studies),Postgraduate,,/course-catalogue/course-specifications/2023-24/PMEDUECS/MA-Education-(Early-Childhood-Studies)/
PMELTEDL,MA English Language Teaching (Distance Learning),Postgraduate,,/course-catalogue/course-specifications/2023-24/PMELTEDL/MA-English-Language-Teaching-(Distance-Learning)/
PMEMCNCS,Extended Master's - MSc Computer Networking and Cyber Security,Postgraduate,,
PMEMDAAN,Extended Master's - MSc Data Analytics,Postgraduate,,
PMEMEDUC,Extended Master's - MA Education,Postgraduate,,
PMEMIBMA,Extended Master's - MSc International Business Management,Postgraduate,,
PMEMIBMP,Extended Master's - MSc International Business Management with...,Postgraduate,,
PMEMITRL,Extended Master's - MA International Relations,Postgraduate,,
PMEMMBAA,Extended Master's - Master of Business Administration,Postgraduate,,
PMEMPBHT,Extended Master's - MSc Public Health,Postgraduate,,
PMENLNTE,MA English Language Teaching,Postgraduate,,/course-catalogue/course-specifications/2023-24/PMENLNTE/MA-English-Language-Teaching/
PMEVSTRD,"MA Environmental, Sustainable and Regeneration Design",Postgraduate,,/course-catalogue/course-specifications/2023-24/PMEVSTRD/MA-Environmental-Sustainable-and-Regeneration-Design/
PMFAMAMN,MA Fashion Marketing and Management,Postgraduate,,/course-catalogue/course-specifications/2023-24/PMFAMAMN/MA-Fashion-Marketing-and-Management/
PMFOODSC,MSc Food Science,Postgraduate,,/course-catalogue/course-specifications/2023-24/PMFOODSC/MSc-Food-Science/
PMFRCMDL,"LLM Financial Services Law, Regulation and Compliance",Postgraduate,,/course-catalogue/course-specifications/2023-24/PMFRCMDL/LLM-Financial-Services-Law-Regulation-and-Compliance/
PMFSLRCT,"LLM Financial Services Law, Regulation and Compliance (Top-up)",Postgraduate,,/course-catalogue/course-specifications/2023-24/PMFSLRCT/LLM-Financial-Services-Law-Regulation-and-Compliance-(Top-up)/
PMFURNDE,MA Furniture Design,Postgraduate,,/course-catalogue/course-specifications/2023-24/PMFURNDE/MA-Furniture-Design/
PMGBHMRM,MA Global Human Resource Management,Postgraduate,,/course-catalogue/course-specifications/2023-24/PMGBHMRM/MA-Global-Human-Resource-Management/
PMHRLMDL,LLM Human Rights Law,Postgraduate,,/course-catalogue/course-specifications/2023-24/PMHRLMDL/LLM-Human-Rights-Law/
PMHSCLMG,MSc Health and Social Care Leadership and Management,Postgraduate,,/course-catalogue/course-specifications/2023-24/PMHSCLMG/MSc-Health-and-Social-Care-Leadership-and-Management/
PMHUMNTR,MSc Human Nutrition,Postgraduate,,/course-catalogue/course-specifications/2023-24/PMHUMNTR/MSc-Human-Nutrition/
PMHURIIC,MA Human Rights and International Conflict,Postgraduate,,/course-catalogue/course-specifications/2023-24/PMHURIIC/MA-Human-Rights-and-International-Conflict/
PMIBUMNT,MSc International Business Management,Postgraduate,,/course-catalogue/course-specifications/2023-24/PMIBUMNT/MSc-International-Business-Management/
PMIBUPJT,MSc International Business Management with Project Management,Postgraduate,,/course-catalogue/course-specifications/2023-24/PMIBUPJT/MSc-International-Business-Management-with-Project-Management/
PMIELTMT,"MSc International Events, Leisure and Tourism Management",Postgraduate,,/course-catalogue/course-specifications/2023-24/PMIELTMT/MSc-International-Events-Leisure-and-Tourism-Management/
PMINACFI,MSc International Accounting and Finance,Postgraduate,,/course-catalogue/course-specifications/2023-24/PMINACFI/MSc-International-Accounting-and-Finance/
PMINBAFI,MSc International Banking and Finance,Postgraduate,,/course-catalogue/course-specifications/2023-24/PMINBAFI/MSc-International-Banking-and-Finance/
PMINRDES,MA Interior Design,Postgraduate,,/course-catalogue/course-specifications/2023-24/PMINRDES/MA-Interior-Design/
PMINSECS,MA International Security Studies,Postgraduate,,/course-catalogue/course-specifications/2023-24/PMINSECS/MA-International-Security-Studies/
PMINTRFI,MSc International Trade and Finance,Postgraduate,,/course-catalogue/course-specifications/2023-24/PMINTRFI/MSc-International-Trade-and-Finance/
PMINTRLN,MA International Relations,Postgraduate,,/course-catalogue/course-specifications/2023-24/PMINTRLN/MA-International-Relations/
PMINTSCS,MA International Security Studies,Postgraduate,,/course-catalogue/course-specifications/2023-24/PMINTSCS/MA-International-Security-Studies/
PMITPRET,MA Interpreting,Postgraduate,,/course-catalogue/course-specifications/2023-24/PMITPRET/MA-Interpreting/
PMJWLSVR,MA Jewellery and Silversmithing,Postgraduate,,/course-catalogue/course-specifications/2023-24/PMJWLSVR/MA-Jewellery-and-Silversmithing/
PMLEATEA,MA Learning and Teaching in Higher Education,Postgraduate,,
PMLEGAPR,LLM Legal Practice,Postgraduate,,/course-catalogue/course-specifications/2023-24/PMLEGAPR/LLM-Legal-Practice/
PMLEGPRT,LLM Legal Practice (Top-up),Postgraduate,,/course-catalogue/course-specifications/2023-24/PMLEGPRT/LLM-Legal-Practice-(Top-up)/
PMLLMMLW,LLM Media Law,Postgraduate,,/course-catalogue/course-specifications/2023-24/PMLLMMLW/LLM-Media-Law/
PMMEDCON,MA Media and Communications,Postgraduate,,
PMMEDICS,MSc Medical Genomics,Postgraduate,,/course-catalogue/course-specifications/2023-24/PMMEDICS/MSc-Medical-Genomics/
PMMKTPWY,MA Marketing,Postgraduate,,/course-catalogue/course-specifications/2023-24/PMMKTPWY/MA-Marketing/
PMMRTMLW,LLM Maritime Law (Top-Up) (Distance Learning),Postgraduate,,/course-catalogue/course-specifications/2023-24/PMMRTMLW/LLM-Maritime-Law-(Top-Up)-(Distance-Learning)/
PMMTLMDL,LLM Maritime Law,Postgraduate,,/course-catalogue/course-specifications/2023-24/PMMTLMDL/LLM-Maritime-Law/
PMORCRGS,MA Organised Crime and Global Security,Postgraduate,,/course-catalogue/course-specifications/2023-24/PMORCRGS/MA-Organised-Crime-and-Global-Security/
PMPCODIP,"MA Peace, Conflict and Diplomacy",Postgraduate,,/course-catalogue/course-specifications/2023-24/PMPCODIP/MA-Peace-Conflict-and-Diplomacy/
PMPHSDDS,MSc Pharmaceutical Science and Drug Delivery Systems,Postgraduate,,/course-catalogue/course-specifications/2023-24/PMPHSDDS/MSc-Pharmaceutical-Science-and-Drug-Delivery-Systems/
PMPRODDE,MA Product Design,Postgraduate,,/course-catalogue/course-specifications/2023-24/PMPRODDE/MA-Product-Design/
PMPROJMN,MSc Project Management,Postgraduate,,/course-catalogue/course-specifications/2023-24/PMPROJMN/MSc-Project-Management/
PMPSBSOL,Biomedical Science On-line,Postgraduate,,/course-catalogue/course-specifications/2023-24/PMPSBSOL/Biomedical-Science-On-line/
PMPSLOGY,MSc Psychology,Postgraduate,,/course-catalogue/course-specifications/2023-24/PMPSLOGY/MSc-Psychology/
PMPSMEHE,MSc Psychology of Mental Health,Postgraduate,,/course-catalogue/course-specifications/2023-24/PMPSMEHE/MSc-Psychology-of-Mental-Health/
PMPUBART,MA Public Art and Performance,Postgraduate,,/course-catalogue/course-specifications/2023-24/PMPUBART/MA-Public-Art-and-Performance/
PMPUBHEA,MSc Public Health,Postgraduate,,/course-catalogue/course-specifications/2023-24/PMPUBHEA/MSc-Public-Health/
PMPYSTPY,MSc Physiotherapy (Pre-registration),Postgraduate,,/course-catalogue/course-specifications/2023-24/PMPYSTPY/MSc-Physiotherapy-(Pre-registration)/
PMQUTSUR,MSc Quantity Surveying,Postgraduate,,/course-catalogue/course-specifications/2023-24/PMQUTSUR/MSc-Quantity-Surveying/
PMRELEST,MSc Real Estate,Postgraduate,,/course-catalogue/course-specifications/2023-24/PMRELEST/MSc-Real-Estate/
PMROBWAI,MSc Robotics with Artificial Intelligence,Postgraduate,,/course-catalogue/course-specifications/2023-24/PMROBWAI/MSc-Robotics-with-Artificial-Intelligence/
PMSOCWRK,MSc Social Work,Postgraduate,Info,/course-catalogue/course-specifications/2023-24/PMSOCWRK/MSc-Social-Work/
PMSPTTPY,MSc Sports Therapy,Postgraduate,,/course-catalogue/course-specifications/2023-24/PMSPTTPY/MSc-Sports-Therapy/
PMTRANSM,MA Translation,Postgraduate,,/course-catalogue/course-specifications/2023-24/PMTRANSM/MA-Translation/
PMTXTDGN,MA Textile Design,Postgraduate,,/course-catalogue/course-specifications/2023-24/PMTXTDGN/MA-Textile-Design/
PMVICOIL,MA Visual Communication: Illustration,Postgraduate,,/course-catalogue/course-specifications/2023-24/PMVICOIL/MA-Visual-Communication-Illustration/
PMVISCOM,MA Visual Communication: Graphic Design,Postgraduate,,/course-catalogue/course-specifications/2023-24/PMVISCOM/MA-Visual-Communication-Graphic-Design/
PMWOMCDA,MA Woman and Child Abuse,Postgraduate,,/course-catalogue/course-specifications/2023-24/PMWOMCDA/MA-Woman-and-Child-Abuse/
PMYACWAP,MSc Youth and Community Work (Advanced Practice),Postgraduate,,/course-catalogue/course-specifications/2023-24/PMYACWAP/MSc-Youth-and-Community-Work-(Advanced-Practice)/
PMYACWJR,MSc Youth and Community Work (with JNC Recognition),Postgraduate,,/course-catalogue/course-specifications/2023-24/PMYACWJR/MSc-Youth-and-Community-Work-(with-JNC-Recognition)/
PSAORQTS,Assessment Only (AO) route to qualified teacher status - QTS,Postgraduate,,
RBDOCFBA,Doctor of Business Administration,Postgraduate,,/course-catalogue/course-specifications/2023-24/RBDOCFBA/Doctor-of-Business-Administration/
RDPHDAPP,Doctor of Philosophy,Postgraduate,,
RMPHIAPP,Master of Philosophy,Postgraduate,,
RPCRPLSC,"Dprof Crime, Policy and Security",Postgraduate,,/course-catalogue/course-specifications/2023-24/RPCRPLSC/Dprof-Crime-Policy-and-Security/
RPPOSECS,"Professional Doctorate in Policing, Security and Community Safety",Postgraduate,,
RPPPFCOU,Professional Doctorate in Counselling Psychology,Postgraduate,,
UDAAAMAN,"BSc Airline, Airport and Aviation Management",Undergraduate,,/course-catalogue/course-specifications/2023-24/UDAAAMAN/BSc-Airline-Airport-and-Aviation-Management/
UDAAAMFY,"BSc (Hons) Airline, Airport and Aviation Management (including...",Undergraduate,,/course-catalogue/course-specifications/2023-24/UDAAAMFY/BSc-(Hons)-Airline-Airport-and-Aviation-Management-(including-foundation-year)/
UDACFIFY,BA (Hons) Accounting and Finance (including foundation year),Undergraduate,,/course-catalogue/course-specifications/2023-24/UDACFIFY/BA-(Hons)-Accounting-and-Finance-(including-foundation-year)/
UDACFINA,BA Accounting and Finance,Undergraduate,,/course-catalogue/course-specifications/2023-24/UDACFINA/BA-Accounting-and-Finance/
UDACFISE,BA (Hons) Accounting and Financial Services (Top-up),Undergraduate,,/course-catalogue/course-specifications/2023-24/UDACFISE/BA-(Hons)-Accounting-and-Financial-Services-(Top-up)/
UDADIFFY,BA (Hons) Art and Design (including foundation year),Undergraduate,,/course-catalogue/course-specifications/2023-24/UDADIFFY/BA-(Hons)-Art-and-Design-(including-foundation-year)/
UDADMCPR,"BA Advertising, Marketing Communications and Public Relations",Undergraduate,,/course-catalogue/course-specifications/2023-24/UDADMCPR/BA-Advertising-Marketing-Communications-and-Public-Relations/
UDARCHFY,BA (Hons) Architecture (including foundation year),Undergraduate,,/course-catalogue/course-specifications/2023-24/UDARCHFY/BA-(Hons)-Architecture-(including-foundation-year)/
UDARCHIT,BA Architecture,Undergraduate,,/course-catalogue/course-specifications/2023-24/UDARCHIT/BA-Architecture/
UDARTURE,BA (Hons) Architecture (Top-Up),Undergraduate,,/course-catalogue/course-specifications/2023-24/UDARTURE/BA-(Hons)-Architecture-(Top-Up)/
UDBANKFN,BSc Banking and Finance,Undergraduate,,/course-catalogue/course-specifications/2023-24/UDBANKFN/BSc-Banking-and-Finance/
UDBANKFY,BSc (Hons) Banking and Finance (including foundation year),Undergraduate,,/course-catalogue/course-specifications/2023-24/UDBANKFY/BSc-(Hons)-Banking-and-Finance-(including-foundation-year)/
UDBEMAJO,BA (Hons) Beauty Marketing and Journalism,Undergraduate,,
UDBIIDFY,BSc (Hons) Biology of Infectious Disease (including foundation...,Undergraduate,,
UDBIOCFY,BSc (Hons) Biochemistry (including foundation year),Undergraduate,,
UDBIOCHE,BSc Biochemistry,Undergraduate,,/course-catalogue/course-specifications/2023-24/UDBIOCHE/BSc-Biochemistry/
UDBIOSCI,BSc Biological Science,Undergraduate,,/course-catalogue/course-specifications/2023-24/UDBIOSCI/BSc-Biological-Science/
UDBIOSFY,BSc (Hons) Biological Science (including foundation year),Undergraduate,,
UDBMAHRM,BA (Hons) Business Management and Human Resource Management,Undergraduate,,/course-catalogue/course-specifications/2023-24/UDBMAHRM/BA-(Hons)-Business-Management-and-Human-Resource-Management/
UDBMDSCI,BSc Biomedical Science,Undergraduate,,/course-catalogue/course-specifications/2023-24/UDBMDSCI/BSc-Biomedical-Science/
UDBMDSFY,BSc (Hons) Biomedical Science (including foundation year),Undergraduate,,/course-catalogue/course-specifications/2023-24/UDBMDSFY/BSc-(Hons)-Biomedical-Science-(including-foundation-year)/
UDBMMARK,BA Business Management and Marketing,Undergraduate,,/course-catalogue/course-specifications/2023-24/UDBMMARK/BA-Business-Management-and-Marketing/
UDBMMKFY,BA (Hons) Business Management and Marketing (including foundat...,Undergraduate,,/course-catalogue/course-specifications/2023-24/UDBMMKFY/BA-(Hons)-Business-Management-and-Marketing-(including-foundation-year)/
UDBSCMSY,BSc Business Computer Systems (Top Up),Undergraduate,,/course-catalogue/course-specifications/2023-24/UDBSCMSY/BSc-Business-Computer-Systems-(Top-Up)/
UDBSNMFY,BA (Hons) Business Management (including foundation year),Undergraduate,,/course-catalogue/course-specifications/2023-24/UDBSNMFY/BA-(Hons)-Business-Management-(including-foundation-year)/
UDBSNMGT,BA Business Management,Undergraduate,,/course-catalogue/course-specifications/2023-24/UDBSNMGT/BA-Business-Management/
UDBSNMNG,BA (Hons) Business Management (Top-up),Undergraduate,,/course-catalogue/course-specifications/2023-24/UDBSNMNG/BA-(Hons)-Business-Management-(Top-up)/
UDCHEMFY,BSc (Hons) Chemistry (including foundation year),Undergraduate,,/course-catalogue/course-specifications/2023-24/UDCHEMFY/BSc-(Hons)-Chemistry-(including-foundation-year)/
UDCHEMST,BSc Chemistry,Undergraduate,,/course-catalogue/course-specifications/2023-24/UDCHEMST/BSc-Chemistry/
UDCISIFY,BEng (Hons) Computer Networking and Cloud Security (including ...,Undergraduate,,/course-catalogue/course-specifications/2023-24/UDCISIFY/BEng-(Hons)-Computer-Networking-and-Cloud-Security-(including-foundation-year)/
UDCMDVFY,BSc (Hons) Community Development and Leadership (including fou...,Undergraduate,,
UDCMDVLR,BSc Community Development and Leadership,Undergraduate,,
UDCMNCDS,BEng (Hons) Computer Networking and Cloud Security,Undergraduate,,/course-catalogue/course-specifications/2023-24/UDCMNCDS/BEng-(Hons)-Computer-Networking-and-Cloud-Security/
UDCMPSCI,BSc Computer Science,Undergraduate,,/course-catalogue/course-specifications/2023-24/UDCMPSCI/BSc-Computer-Science/
UDCMPSFY,BSc (Hons) Computer Science (including foundation year),Undergraduate,,/course-catalogue/course-specifications/2023-24/UDCMPSFY/BSc-(Hons)-Computer-Science-(including-foundation-year)/
UDCMPTFY,BSc (Hons) Computing (including foundation year),Undergraduate,,/course-catalogue/course-specifications/2023-24/UDCMPTFY/BSc-(Hons)-Computing-(including-foundation-year)/
UDCMPTNG,BSc Computing,Undergraduate,,/course-catalogue/course-specifications/2023-24/UDCMPTNG/BSc-Computing/
UDCNEIFY,BEng Computer Networking and Infrastructure Security (includin...,Undergraduate,,
UDCNEISE,BEng Computer Networking and Infrastructure Security,Undergraduate,,
UDCNSLNG,BSc (Hons) Counselling,Undergraduate,,
UDCOMNCS,BSc Computer Networking and Cyber Security,Undergraduate,,/course-catalogue/course-specifications/2023-24/UDCOMNCS/BSc-Computer-Networking-and-Cyber-Security/
UDCOMNFY,BSc (Hons) Computer Networking and Cyber Security (including f...,Undergraduate,,/course-catalogue/course-specifications/2023-24/UDCOMNFY/BSc-(Hons)-Computer-Networking-and-Cyber-Security-(including-foundation-year)/
UDCONMGT,BSc (Hons) Construction Management,Undergraduate,,/course-catalogue/course-specifications/2023-24/UDCONMGT/BSc-(Hons)-Construction-Management/
UDCOUCOA,BSc Counselling and Coaching,Undergraduate,,
UDCRILAW,BA Criminology and Law,Undergraduate,,/course-catalogue/course-specifications/2023-24/UDCRILAW/BA-Criminology-and-Law/
UDCRIMFY,BSc (Hons) Criminology (including foundation year),Undergraduate,,/course-catalogue/course-specifications/2023-24/UDCRIMFY/BSc-(Hons)-Criminology-(including-foundation-year)/
UDCRIMGY,BSc Criminology,Undergraduate,,/course-catalogue/course-specifications/2023-24/UDCRIMGY/BSc-Criminology/
UDCRINSE,BA Criminology and International Security,Undergraduate,,/course-catalogue/course-specifications/2023-24/UDCRINSE/BA-Criminology-and-International-Security/
UDCRIPOL,BSc Criminology and Policing,Undergraduate,,/course-catalogue/course-specifications/2023-24/UDCRIPOL/BSc-Criminology-and-Policing/
UDCRIPSY,BSc Criminology and Psychology,Undergraduate,,/course-catalogue/course-specifications/2023-24/UDCRIPSY/BSc-Criminology-and-Psychology/
UDCRISOC,BSc Criminology and Sociology,Undergraduate,,/course-catalogue/course-specifications/2023-24/UDCRISOC/BSc-Criminology-and-Sociology/
UDCRYHST,BSc Criminology and Youth Studies,Undergraduate,,
UDCSENFY,BEng (Hons) Computer Systems Engineering and Robotics (includi...,Undergraduate,,/course-catalogue/course-specifications/2023-24/UDCSENFY/BEng-(Hons)-Computer-Systems-Engineering-and-Robotics-(including-foundation-year)/
UDCSENRO,BEng Computer Systems Engineering and Robotics,Undergraduate,,/course-catalogue/course-specifications/2023-24/UDCSENRO/BEng-Computer-Systems-Engineering-and-Robotics/
UDCSFCOM,BSc (Hons) Cyber Security and Forensic Computing (Top-up),Undergraduate,,/course-catalogue/course-specifications/2023-24/UDCSFCOM/BSc-(Hons)-Cyber-Security-and-Forensic-Computing-(Top-up)/
UDCWENFY,BA (Hons) Creative Writing and English Literature (including f...,Undergraduate,,/course-catalogue/course-specifications/2023-24/UDCWENFY/BA-(Hons)-Creative-Writing-and-English-Literature-(including-foundation-year)/
UDCWENLI,BA Creative Writing and English Literature,Undergraduate,,/course-catalogue/course-specifications/2023-24/UDCWENLI/BA-Creative-Writing-and-English-Literature/
UDDATSCI,BSc (Hons) Data Science,Undergraduate,,/course-catalogue/course-specifications/2023-24/UDDATSCI/BSc-(Hons)-Data-Science/
UDDGBUMG,BSc Digital Business Management,Undergraduate,,
UDDGMDFY,BA (Hons) Digital Media (including foundation year),Undergraduate,,/course-catalogue/course-specifications/2023-24/UDDGMDFY/BA-(Hons)-Digital-Media-(including-foundation-year)/
UDDIENUT,BSc Dietetics and Nutrition,Undergraduate,,/course-catalogue/course-specifications/2023-24/UDDIENUT/BSc-Dietetics-and-Nutrition/
UDDIETET,BSc Dietetics,Undergraduate,,/course-catalogue/course-specifications/2023-24/UDDIETET/BSc-Dietetics/
UDDIFOCS,BSc Digital Forensics and Cyber Security,Undergraduate,,/course-catalogue/course-specifications/2023-24/UDDIFOCS/BSc-Digital-Forensics-and-Cyber-Security/
UDDIFOFY,BSc (Hons) Digital Forensics and Cyber Security (including fou...,Undergraduate,,/course-catalogue/course-specifications/2023-24/UDDIFOFY/BSc-(Hons)-Digital-Forensics-and-Cyber-Security-(including-foundation-year)/
UDDIGMDA,BA Digital Media,Undergraduate,,/course-catalogue/course-specifications/2023-24/UDDIGMDA/BA-Digital-Media/
UDDIINRL,BA Diplomacy and International Relations,Undergraduate,,
UDDTSCFY,BSc (Hons) Data Science (including foundation year),Undergraduate,,/course-catalogue/course-specifications/2023-24/UDDTSCFY/BSc-(Hons)-Data-Science-(including-foundation-year)/
UDECFNIB,"BSc (Hons) Economics, Finance and International Business",Undergraduate,,/course-catalogue/course-specifications/2023-24/UDECFNIB/BSc-(Hons)-Economics-Finance-and-International-Business/
UDECHODL,BA (Hons) Early Childhood Studies (Top-Up),Undergraduate,,/course-catalogue/course-specifications/2023-24/UDECHODL/BA-(Hons)-Early-Childhood-Studies-(Top-Up)/
UDECHSFY,BA (Hons) Early Childhood Studies (including foundation year),Undergraduate,,/course-catalogue/course-specifications/2023-24/UDECHSFY/BA-(Hons)-Early-Childhood-Studies-(including-foundation-year)/
UDECNMFY,BSc (Hons) Economics (including foundation year),Undergraduate,,/course-catalogue/course-specifications/2023-24/UDECNMFY/BSc-(Hons)-Economics-(including-foundation-year)/
UDECNMIC,BSc Economics,Undergraduate,,/course-catalogue/course-specifications/2023-24/UDECNMIC/BSc-Economics/
UDECOFIN,BSc Economics and Finance,Undergraduate,,/course-catalogue/course-specifications/2023-24/UDECOFIN/BSc-Economics-and-Finance/
UDEDUCFY,BA (Hons) Education (including foundation year),Undergraduate,,/course-catalogue/course-specifications/2023-24/UDEDUCFY/BA-(Hons)-Education-(including-foundation-year)/
UDEDUCTN,BA (Hons) Education,Undergraduate,,/course-catalogue/course-specifications/2023-24/UDEDUCTN/BA-(Hons)-Education/
UDEEGIOT,BEng (Hons) Electronic Engineering and Internet of Things,Undergraduate,,/course-catalogue/course-specifications/2023-24/UDEEGIOT/BEng-(Hons)-Electronic-Engineering-and-Internet-of-Things/
UDEEITFY,BEng (Hons) Electronic Engineering and Internet of Things (inc...,Undergraduate,,/course-catalogue/course-specifications/2023-24/UDEEITFY/BEng-(Hons)-Electronic-Engineering-and-Internet-of-Things-(including-foundation-year)/
UDEIOTFY,BEng (Hons) Electronics and Internet of Things (including foun...,Undergraduate,,
UDELEIOT,BEng (Hons) Electronics and Internet of Things,Undergraduate,,
UDERLYCS,BA Early Childhood Studies,Undergraduate,,/course-catalogue/course-specifications/2023-24/UDERLYCS/BA-Early-Childhood-Studies/
UDEVEMAN,BA Events Management,Undergraduate,,/course-catalogue/course-specifications/2023-24/UDEVEMAN/BA-Events-Management/
UDEVEMFY,BA Events Management (including foundation year),Undergraduate,,/course-catalogue/course-specifications/2023-24/UDEVEMFY/BA-Events-Management-(including-foundation-year)/
UDEVMAMK,BA (Hons) Events Management and Marketing,Undergraduate,,/course-catalogue/course-specifications/2023-24/UDEVMAMK/BA-(Hons)-Events-Management-and-Marketing/
UDFAIONS,BA (Hons) Fashion (Top-Up),Undergraduate,,/course-catalogue/course-specifications/2023-24/UDFAIONS/BA-(Hons)-Fashion-(Top-Up)/
UDFAMJFY,BA (Hons) Fashion Marketing and Journalism (including foundati...,Undergraduate,,/course-catalogue/course-specifications/2023-24/UDFAMJFY/BA-(Hons)-Fashion-Marketing-and-Journalism-(including-foundation-year)/
UDFAPHFY,BA (Hons) Fashion Photography (including foundation year),Undergraduate,,/course-catalogue/course-specifications/2023-24/UDFAPHFY/BA-(Hons)-Fashion-Photography-(including-foundation-year)/
UDFASPHO,BA Fashion Photography,Undergraduate,,/course-catalogue/course-specifications/2023-24/UDFASPHO/BA-Fashion-Photography/
UDFIEART,BA (Hons) Fine Art (Top-up),Undergraduate,,/course-catalogue/course-specifications/2023-24/UDFIEART/BA-(Hons)-Fine-Art-(Top-up)/
UDFINAFY,BA (Hons) Fine Art (including foundation year),Undergraduate,,/course-catalogue/course-specifications/2023-24/UDFINAFY/BA-(Hons)-Fine-Art-(including-foundation-year)/
UDFINART,BA Fine Art,Undergraduate,,/course-catalogue/course-specifications/2023-24/UDFINART/BA-Fine-Art/
UDFITEFY,BA (Hons) Film and Television Production (including foundation...,Undergraduate,,/course-catalogue/course-specifications/2023-24/UDFITEFY/BA-(Hons)-Film-and-Television-Production-(including-foundation-year)/
UDFITEPR,BA Film and Television Production,Undergraduate,,/course-catalogue/course-specifications/2023-24/UDFITEPR/BA-Film-and-Television-Production/
UDFITEST,BA Film and Television Studies,Undergraduate,,/course-catalogue/course-specifications/2023-24/UDFITEST/BA-Film-and-Television-Studies/
UDFMBSMN,BA Fashion Marketing and Business Management,Undergraduate,,/course-catalogue/course-specifications/2023-24/UDFMBSMN/BA-Fashion-Marketing-and-Business-Management/
UDFMTSFY,BA (Hons) Film and Television Studies (including foundation year),Undergraduate,,/course-catalogue/course-specifications/2023-24/UDFMTSFY/BA-(Hons)-Film-and-Television-Studies-(including-foundation-year)/
UDFRNSCI,BSc Forensic Science,Undergraduate,,/course-catalogue/course-specifications/2023-24/UDFRNSCI/BSc-Forensic-Science/
UDFRNSFY,BSc (Hons) Forensic Science (including foundation year),Undergraduate,,/course-catalogue/course-specifications/2023-24/UDFRNSFY/BSc-(Hons)-Forensic-Science-(including-foundation-year)/
UDFSHION,BA Fashion,Undergraduate,,/course-catalogue/course-specifications/2023-24/UDFSHION/BA-Fashion/
UDFSHNFY,BA (Hons) Fashion (including foundation year),Undergraduate,,/course-catalogue/course-specifications/2023-24/UDFSHNFY/BA-(Hons)-Fashion-(including-foundation-year)/
UDFSMKJR,BA (Hons) Fashion Marketing and Journalism,Undergraduate,,/course-catalogue/course-specifications/2023-24/UDFSMKJR/BA-(Hons)-Fashion-Marketing-and-Journalism/
UDFSNTFY,BA (Hons) Fashion Textiles (including foundation year),Undergraduate,,/course-catalogue/course-specifications/2023-24/UDFSNTFY/BA-(Hons)-Fashion-Textiles-(including-foundation-year)/
UDFSNTXL,BA (Hons) Fashion Textiles,Undergraduate,,/course-catalogue/course-specifications/2023-24/UDFSNTXL/BA-(Hons)-Fashion-Textiles/
UDFSPHOT,BA (Hons) Fashion Photography (Top-up),Undergraduate,,/course-catalogue/course-specifications/2023-24/UDFSPHOT/BA-(Hons)-Fashion-Photography-(Top-up)/
UDFUPDFY,BA (Hons) Furniture and Product Design (including foundation y...,Undergraduate,,
UDFUPRDE,BA Furniture and Product Design,Undergraduate,,
UDGAMAFY,"BSc (Hons) Games Animation, Modelling and Effects (including f...",Undergraduate,,/course-catalogue/course-specifications/2023-24/UDGAMAFY/BSc-(Hons)-Games-Animation-Modelling-and-Effects-(including-foundation-year)/
UDGAMOEF,"BSc (Hons) Games Animation, Modelling and Effects",Undergraduate,,/course-catalogue/course-specifications/2023-24/UDGAMOEF/BSc-(Hons)-Games-Animation-Modelling-and-Effects/
UDGAPRFY,BSc (Hons) Games Programming (including foundation year),Undergraduate,,/course-catalogue/course-specifications/2023-24/UDGAPRFY/BSc-(Hons)-Games-Programming-(including-foundation-year)/
UDGAPROG,BSc Games Programming,Undergraduate,,/course-catalogue/course-specifications/2023-24/UDGAPROG/BSc-Games-Programming/
UDGRCDGN,BA (Hons) Graphic Design (Top-up),Undergraduate,,/course-catalogue/course-specifications/2023-24/UDGRCDGN/BA-(Hons)-Graphic-Design-(Top-up)/
UDGRDSPS,BA (Hons) Graphic Design (with preparatory semester),Undergraduate,,/course-catalogue/course-specifications/2023-24/UDGRDSPS/BA-(Hons)-Graphic-Design-(with-preparatory-semester)/
UDGRPDES,BA Graphic Design,Undergraduate,,/course-catalogue/course-specifications/2023-24/UDGRPDES/BA-Graphic-Design/
UDGRPDFY,BA (Hons) Graphic Design (including foundation year),Undergraduate,,/course-catalogue/course-specifications/2023-24/UDGRPDFY/BA-(Hons)-Graphic-Design-(including-foundation-year)/
UDHHSOCA,BSc (Hons) Health and Social Care (Top-up),Undergraduate,,/course-catalogue/course-specifications/2023-24/UDHHSOCA/BSc-(Hons)-Health-and-Social-Care-(Top-up)/
UDHMDSCI,BSc Herbal Medicinal Science (Top-Up),Undergraduate,,/course-catalogue/course-specifications/2023-24/UDHMDSCI/BSc-Herbal-Medicinal-Science-(Top-Up)/
UDHSCAFY,BSc (Hons) Health and Social Care (including foundation year),Undergraduate,,/course-catalogue/course-specifications/2023-24/UDHSCAFY/BSc-(Hons)-Health-and-Social-Care-(including-foundation-year)/
UDHSCARE,BSc Health and Social Care,Undergraduate,,/course-catalogue/course-specifications/2023-24/UDHSCARE/BSc-Health-and-Social-Care/
UDHUMNFY,BSc (Hons) Human Nutrition (including foundation year),Undergraduate,,/course-catalogue/course-specifications/2023-24/UDHUMNFY/BSc-(Hons)-Human-Nutrition-(including-foundation-year)/
UDHUMNUT,BSc Human Nutrition,Undergraduate,,/course-catalogue/course-specifications/2023-24/UDHUMNUT/BSc-Human-Nutrition/
UDIATDPS,BA (Hons) Interior Architecture and Design (with preparatory s...,Undergraduate,,/course-catalogue/course-specifications/2023-24/UDIATDPS/BA-(Hons)-Interior-Architecture-and-Design-(with-preparatory-semester)/
UDILLAFY,BA (Hons) Illustration and Animation (including foundation year),Undergraduate,,/course-catalogue/course-specifications/2023-24/UDILLAFY/BA-(Hons)-Illustration-and-Animation-(including-foundation-year)/
UDILLANI,BA Illustration and Animation,Undergraduate,,/course-catalogue/course-specifications/2023-24/UDILLANI/BA-Illustration-and-Animation/
UDILMION,BA (Hons) Illustration and Animation (Top-Up),Undergraduate,,/course-catalogue/course-specifications/2023-24/UDILMION/BA-(Hons)-Illustration-and-Animation-(Top-Up)/
UDINADES,BA (Hons) Interior Architecture and Design (Top-up),Undergraduate,,/course-catalogue/course-specifications/2023-24/UDINADES/BA-(Hons)-Interior-Architecture-and-Design-(Top-up)/
UDINADFY,BA (Hons) Interior Architecture and Design (including foundati...,Undergraduate,,/course-catalogue/course-specifications/2023-24/UDINADFY/BA-(Hons)-Interior-Architecture-and-Design-(including-foundation-year)/
UDINARDE,BA Interior Architecture and Design,Undergraduate,,/course-catalogue/course-specifications/2023-24/UDINARDE/BA-Interior-Architecture-and-Design/
UDINBMFY,BSc (Hons) International Business Management (including founda...,Undergraduate,,/course-catalogue/course-specifications/2023-24/UDINBMFY/BSc-(Hons)-International-Business-Management-(including-foundation-year)/
UDINBUSM,BSc International Business Management,Undergraduate,,/course-catalogue/course-specifications/2023-24/UDINBUSM/BSc-International-Business-Management/
UDINBUST,BSc International Business Management (Top-Up),Undergraduate,,/course-catalogue/course-specifications/2023-24/UDINBUST/BSc-International-Business-Management-(Top-Up)/
UDINDDEC,BA (Hons) Interior Design and Decoration (Top-up),Undergraduate,,/course-catalogue/course-specifications/2023-24/UDINDDEC/BA-(Hons)-Interior-Design-and-Decoration-(Top-up)/
UDINDDFY,BA (Hons) Interior Design and Decoration (including foundation...,Undergraduate,,/course-catalogue/course-specifications/2023-24/UDINDDFY/BA-(Hons)-Interior-Design-and-Decoration-(including-foundation-year)/
UDINDEDE,BA Interior Design and Decoration,Undergraduate,,/course-catalogue/course-specifications/2023-24/UDINDEDE/BA-Interior-Design-and-Decoration/
UDINDEFY,BA (Hons) Interior Design (including foundation year),Undergraduate,,/course-catalogue/course-specifications/2023-24/UDINDEFY/BA-(Hons)-Interior-Design-(including-foundation-year)/
UDINRLAW,BA International Relations and Law,Undergraduate,,
UDINRPOL,BA International Relations and Politics,Undergraduate,,/course-catalogue/course-specifications/2023-24/UDINRPOL/BA-International-Relations-and-Politics/
UDINTDGN,BA Interior Design,Undergraduate,,/course-catalogue/course-specifications/2023-24/UDINTDGN/BA-Interior-Design/
UDINTRFY,BA (Hons) International Relations (including foundation year),Undergraduate,,/course-catalogue/course-specifications/2023-24/UDINTRFY/BA-(Hons)-International-Relations-(including-foundation-year)/
UDINTRLT,BA International Relations,Undergraduate,,/course-catalogue/course-specifications/2023-24/UDINTRLT/BA-International-Relations/
UDIRLLAN,BA International Relations with Languages,Undergraduate,,
UDISAMPS,BA (Hons) Illustration and Animation (with preparatory semester),Undergraduate,,/course-catalogue/course-specifications/2023-24/UDISAMPS/BA-(Hons)-Illustration-and-Animation-(with-preparatory-semester)/
UDITDSPS,BA (Hons) Interior Design (with preparatory semester),Undergraduate,,/course-catalogue/course-specifications/2023-24/UDITDSPS/BA-(Hons)-Interior-Design-(with-preparatory-semester)/
UDITRDSN,BA (Hons) Interior Design (Top-up),Undergraduate,,/course-catalogue/course-specifications/2023-24/UDITRDSN/BA-(Hons)-Interior-Design-(Top-up)/
UDJFTSFY,"BA (Hons) Journalism, Film and Television Studies (including f...",Undergraduate,,/course-catalogue/course-specifications/2023-24/UDJFTSFY/BA-(Hons)-Journalism-Film-and-Television-Studies-(including-foundation-year)/
UDJFTSTU,"BA (Hons) Journalism, Film and Television Studies",Undergraduate,,/course-catalogue/course-specifications/2023-24/UDJFTSTU/BA-(Hons)-Journalism-Film-and-Television-Studies/
UDJOURFY,BA (Hons) Journalism (including foundation year),Undergraduate,,/course-catalogue/course-specifications/2023-24/UDJOURFY/BA-(Hons)-Journalism-(including-foundation-year)/
UDJOURNM,BA (Hons) Journalism,Undergraduate,,/course-catalogue/course-specifications/2023-24/UDJOURNM/BA-(Hons)-Journalism/
UDLAWINR,LLB Law (with International Relations),Undergraduate,,/course-catalogue/course-specifications/2023-24/UDLAWINR/LLB-Law-(with-International-Relations)/
UDLAWZFY,BA (Hons) Law (including foundation year),Undergraduate,,/course-catalogue/course-specifications/2023-24/UDLAWZFY/BA-(Hons)-Law-(including-foundation-year)/
UDLAWZZZ,BA Law,Undergraduate,,/course-catalogue/course-specifications/2023-24/UDLAWZZZ/BA-Law/
UDLDSCOM,BSc (Hons) Leadership in Communities,Undergraduate,,/course-catalogue/course-specifications/2023-24/UDLDSCOM/BSc-(Hons)-Leadership-in-Communities/
UDLLBCRI,LLB (Criminal Law),Undergraduate,,/course-catalogue/course-specifications/2023-24/UDLLBCRI/LLB-(Criminal-Law)/
UDLLBLAW,LLB Law,Undergraduate,,/course-catalogue/course-specifications/2023-24/UDLLBLAW/LLB-Law/
UDLSCMFY,BSc (Hons) Leadership in Communities (including foundation year),Undergraduate,,
UDMARING,BA (Hons) Marketing,Undergraduate,,/course-catalogue/course-specifications/2023-24/UDMARING/BA-(Hons)-Marketing/
UDMASCFY,BSc (Hons) Mathematical Sciences (including foundation year),Undergraduate,,/course-catalogue/course-specifications/2023-24/UDMASCFY/BSc-(Hons)-Mathematical-Sciences-(including-foundation-year)/
UDMATHFY,BSc (Hons) Mathematics (including foundation year),Undergraduate,,/course-catalogue/course-specifications/2023-24/UDMATHFY/BSc-(Hons)-Mathematics-(including-foundation-year)/
UDMATHMS,BSc Mathematics,Undergraduate,,/course-catalogue/course-specifications/2023-24/UDMATHMS/BSc-Mathematics/
UDMATSCI,BSc Mathematical Sciences,Undergraduate,,/course-catalogue/course-specifications/2023-24/UDMATSCI/BSc-Mathematical-Sciences/
UDMCDDFY,BSc (Hons) Medicinal Chemistry and Drug Discovery (including f...,Undergraduate,,
UDMECOFY,BSc Media and Communications (including foundation year),Undergraduate,,/course-catalogue/course-specifications/2023-24/UDMECOFY/BSc-Media-and-Communications-(including-foundation-year)/
UDMEDBFY,BSc (Hons) Medical Bioscience (including foundation year),Undergraduate,,
UDMEDBSC,BSc Medical Bioscience,Undergraduate,,/course-catalogue/course-specifications/2023-24/UDMEDBSC/BSc-Medical-Bioscience/
UDMEDCOM,BSc Media and Communications,Undergraduate,,/course-catalogue/course-specifications/2023-24/UDMEDCOM/BSc-Media-and-Communications/
UDMEDMAR,BA (Hons) Media and Marketing,Undergraduate,,/course-catalogue/course-specifications/2023-24/UDMEDMAR/BA-(Hons)-Media-and-Marketing/
UDMRKTFY,BA (Hons) Marketing (including foundation year),Undergraduate,,/course-catalogue/course-specifications/2023-24/UDMRKTFY/BA-(Hons)-Marketing-(including-foundation-year)/
UDMUSBFY,BA (Hons) Music Business (including foundation year),Undergraduate,,/course-catalogue/course-specifications/2023-24/UDMUSBFY/BA-(Hons)-Music-Business-(including-foundation-year)/
UDMUSBUS,BA (Hons) Music Business,Undergraduate,,/course-catalogue/course-specifications/2023-24/UDMUSBUS/BA-(Hons)-Music-Business/
UDMUSPFY,BSc (Hons) Music Technology and Production (including foundati...,Undergraduate,,/course-catalogue/course-specifications/2023-24/UDMUSPFY/BSc-(Hons)-Music-Technology-and-Production-(including-foundation-year)/
UDMUSPRO,BSc Music Technology and Production,Undergraduate,,/course-catalogue/course-specifications/2023-24/UDMUSPRO/BSc-Music-Technology-and-Production/
UDNSBIOL,BSc Natural Sciences (Biology),Undergraduate,,
UDNSCBFY,BSc (Hons) Natural Sciences (Biology) (including foundation year),Undergraduate,,
UDNURSAD,BSc (Hons) Nursing (Adult),Undergraduate,,/course-catalogue/course-specifications/2023-24/UDNURSAD/BSc-(Hons)-Nursing-(Adult)/
UDPDFDFY,BA (Hons) Product and Furniture Design (including foundation y...,Undergraduate,,/course-catalogue/course-specifications/2023-24/UDPDFDFY/BA-(Hons)-Product-and-Furniture-Design-(including-foundation-year)/
UDPHARFY,BSc (Hons) Pharmacology (including foundation year),Undergraduate,,/course-catalogue/course-specifications/2023-24/UDPHARFY/BSc-(Hons)-Pharmacology-(including-foundation-year)/
UDPHARMA,BSc Pharmacology,Undergraduate,,/course-catalogue/course-specifications/2023-24/UDPHARMA/BSc-Pharmacology/
UDPHASCA,MSci Pharmaceutical Science,Undergraduate,,/course-catalogue/course-specifications/2023-24/UDPHASCA/MSci-Pharmaceutical-Science/
UDPHMSCI,BSc Pharmaceutical Science,Undergraduate,,/course-catalogue/course-specifications/2023-24/UDPHMSCI/BSc-Pharmaceutical-Science/
UDPHMSFY,BSc (Hons) Pharmaceutical Science (including foundation year),Undergraduate,,/course-catalogue/course-specifications/2023-24/UDPHMSFY/BSc-(Hons)-Pharmaceutical-Science-(including-foundation-year)/
UDPHOTFY,BA (Hons) Photography (including foundation year),Undergraduate,,/course-catalogue/course-specifications/2023-24/UDPHOTFY/BA-(Hons)-Photography-(including-foundation-year)/
UDPHOTGR,BA Photography,Undergraduate,,/course-catalogue/course-specifications/2023-24/UDPHOTGR/BA-Photography/
UDPHOTOJ,BA (Hons) Photojournalism,Undergraduate,,
UDPHTGRY,BA (Hons) Photography (Top-up),Undergraduate,,/course-catalogue/course-specifications/2023-24/UDPHTGRY/BA-(Hons)-Photography-(Top-up)/
UDPOLTCS,BA Politics,Undergraduate,,
UDPOLTFY,BA (Hons) Politics (including foundation year),Undergraduate,,
UDPRFNDS,BA (Hons) Product and Furniture Design,Undergraduate,,/course-catalogue/course-specifications/2023-24/UDPRFNDS/BA-(Hons)-Product-and-Furniture-Design/
UDPRIEDU,Primary Education (two-year accelerated degree) BA (Hons),Undergraduate,,/course-catalogue/course-specifications/2023-24/UDPRIEDU/Primary-Education-(two-year-accelerated-degree)-BA-(Hons)/
UDPSPRFY,"BSc (Hons) Police Studies, Procedure and Investigation (includ...",Undergraduate,,
UDPSPRIN,"BSc Police Studies, Procedure and Investigation",Undergraduate,,
UDPSYCFY,BSc (Hons) Psychology (including foundation year),Undergraduate,,/course-catalogue/course-specifications/2023-24/UDPSYCFY/BSc-(Hons)-Psychology-(including-foundation-year)/
UDPSYCGY,BSc Psychology,Undergraduate,,/course-catalogue/course-specifications/2023-24/UDPSYCGY/BSc-Psychology/
UDPSYSCG,BSc Psychology and Sociology,Undergraduate,,/course-catalogue/course-specifications/2023-24/UDPSYSCG/BSc-Psychology-and-Sociology/
UDPUHEHP,BSc Public Health and Health Promotion (Top-up),Undergraduate,,/course-catalogue/course-specifications/2023-24/UDPUHEHP/BSc-Public-Health-and-Health-Promotion-(Top-up)/
UDQSYCMG,BSc (Hons) Quantity Surveying and Commercial Management,Undergraduate,,/course-catalogue/course-specifications/2023-24/UDQSYCMG/BSc-(Hons)-Quantity-Surveying-and-Commercial-Management/
UDSCLOFY,BSc (Hons) Sociology (including foundation year),Undergraduate,,/course-catalogue/course-specifications/2023-24/UDSCLOFY/BSc-(Hons)-Sociology-(including-foundation-year)/
UDSCLOGY,BSc Sociology,Undergraduate,,/course-catalogue/course-specifications/2023-24/UDSCLOGY/BSc-Sociology/
UDSFWENG,BEng Software Engineering (Top-up),Undergraduate,,/course-catalogue/course-specifications/2023-24/UDSFWENG/BEng-Software-Engineering-(Top-up)/
UDSOCWOR,BSc Social Work,Undergraduate,,/course-catalogue/course-specifications/2023-24/UDSOCWOR/BSc-Social-Work/
UDSOSHFY,BA (Hons) Social Sciences and Humanities (including foundation...,Undergraduate,,
UDSOWKFY,BSc (Hons) Social Work (including foundation year),Undergraduate,,/course-catalogue/course-specifications/2023-24/UDSOWKFY/BSc-(Hons)-Social-Work-(including-foundation-year)/
UDSPEXFY,BSc Sport and Exercise Science (including foundation year),Undergraduate,,
UDSPEXSC,BSc Sport and Exercise Science,Undergraduate,,/course-catalogue/course-specifications/2023-24/UDSPEXSC/BSc-Sport-and-Exercise-Science/
UDSPOTFY,BSc (Hons) Sports Therapy (including foundation year),Undergraduate,,/course-catalogue/course-specifications/2023-24/UDSPOTFY/BSc-(Hons)-Sports-Therapy-(including-foundation-year)/
UDSPOTHE,BSc Sports Therapy,Undergraduate,,/course-catalogue/course-specifications/2023-24/UDSPOTHE/BSc-Sports-Therapy/
UDSPPCFY,"BSc (Hons) Sport Psychology, Coaching and Physical Education (...",Undergraduate,,
UDSPPCPE,"BSc Sport Psychology, Coaching and Physical Education",Undergraduate,,/course-catalogue/course-specifications/2023-24/UDSPPCPE/BSc-Sport-Psychology-Coaching-and-Physical-Education/
UDTEXTLS,BA (Hons) Textiles,Undergraduate,,/course-catalogue/course-specifications/2023-24/UDTEXTLS/BA-(Hons)-Textiles/
UDTHEFLM,BA Theatre and Film,Undergraduate,,/course-catalogue/course-specifications/2023-24/UDTHEFLM/BA-Theatre-and-Film/
UDTHTPFT,BA (Hons) Theatre and Performance (Top-up),Undergraduate,,/course-catalogue/course-specifications/2023-24/UDTHTPFT/BA-(Hons)-Theatre-and-Performance-(Top-up)/
UDTHTPRF,BA (Hons) Theatre and Performance,Undergraduate,,/course-catalogue/course-specifications/2023-24/UDTHTPRF/BA-(Hons)-Theatre-and-Performance/
UDTHTREF,BA (Hons) Theatre and Film (Top-Up),Undergraduate,,/course-catalogue/course-specifications/2023-24/UDTHTREF/BA-(Hons)-Theatre-and-Film-(Top-Up)/
UDTOPLAW,LLB Law (Top-up) (Distance Learning),Undergraduate,,/course-catalogue/course-specifications/2023-24/UDTOPLAW/LLB-Law-(Top-up)-(Distance-Learning)/
UDTRASTU,BA Translation,Undergraduate,,/course-catalogue/course-specifications/2023-24/UDTRASTU/BA-Translation/
UDTTOMAG,BA (Hons) Tourism and Travel Management (Top-up),Undergraduate,,/course-catalogue/course-specifications/2023-24/UDTTOMAG/BA-(Hons)-Tourism-and-Travel-Management-(Top-up)/
UDTTRMAN,BA Tourism and Travel Management,Undergraduate,,/course-catalogue/course-specifications/2023-24/UDTTRMAN/BA-Tourism-and-Travel-Management/
UDTTRMFY,BA (Hons) Tourism and Travel Management (including foundation ...,Undergraduate,,/course-catalogue/course-specifications/2023-24/UDTTRMFY/BA-(Hons)-Tourism-and-Travel-Management-(including-foundation-year)/
UDTXTIFY,BA (Hons) Textiles (including foundation year),Undergraduate,,/course-catalogue/course-specifications/2023-24/UDTXTIFY/BA-(Hons)-Textiles-(including-foundation-year)/
UDTXTLTU,BA (Hons) Textiles (Top-up),Undergraduate,,/course-catalogue/course-specifications/2023-24/UDTXTLTU/BA-(Hons)-Textiles-(Top-up)/
UDYOUJUS,BA (Hons) Youth Justice,Undergraduate,,
UDYTHSFY,BSc (Hons) Youth Studies (including foundation year),Undergraduate,,
UDYTHSTU,BSc Youth Studies,Undergraduate,,/course-catalogue/course-specifications/2023-24/UDYTHSTU/BSc-Youth-Studies/
UDYTWKJR,BSc (Hons) Youth Work (with JNC Recognition),Undergraduate,,/course-catalogue/course-specifications/2023-24/UDYTWKJR/BSc-(Hons)-Youth-Work-(with-JNC-Recognition)/
UOIFPAID,International Foundation Programme Architecture and Interior D...,Undergraduate,,
UOIFPAMD,International Foundation Programme Art Media and Design,Undergraduate,,
UOIFPBSM,International Foundation Programme Business Management,Undergraduate,,
UOIFPCTM,"International Foundation Programme Computing, Technology and M...",Undergraduate,,
UOIFPLAW,International Foundation Programme Law,Undergraduate,,
UOIFPSCI,International Foundation Programme Sciences,Undergraduate,,
UOIFPSSH,International Foundation Programme Social Sciences and Humanities,Undergraduate,,
USCIMCPM,CIM Certificate in Professional Marketing,Undergraduate,,
USICMCM3,CICM Diploma in Credit Management Level 3,Undergraduate,,
USICMCM5,CICM Diploma in Credit Management Level 5,Undergraduate,,
